Title,Link,Snippet
What is Python? Executive Summary,https://www.python.org/doc/essays/blurb/,"Python is an interpreted, object-oriented, high-level programming language with dynamic semantics. Its high-level built in data structures, combined with ..."
11 Applications and Uses of Python in 2025 - Simplilearn.com,"https://www.simplilearn.com/what-is-python-used-for-article#:~:text=Python%20is%20a%20powerful%2C%20high,mobile%20applications%2C%20and%20game%20development.",No Description
What is Python? | Teradata,"https://www.teradata.com/glossary/what-is-python#:~:text=Python%20is%20an%20interpreted%2C%20object,British%20comedy%20group%20Monty%20Python.",No Description
General Python FAQ — Python 3.13.2 documentation,"https://docs.python.org/3/faq/general.html#:~:text=Python%20is%20an%20interpreted%2C%20interactive,as%20procedural%20and%20functional%20programming.",No Description
Introduction to Python - W3Schools,"https://www.w3schools.com/python/python_intro.asp#:~:text=Python%20can%20be%20used%20on,also%20read%20and%20modify%20files.",No Description
Introduction to Python,https://www.w3schools.com/python/python_intro.asp,"Python is a popular programming language. It was created by Guido van Rossum, and released in 1991. It is used for: web development ..."
What is Python? - Python Programming Language Explained,https://aws.amazon.com/what-is/python/,"Python is a programming language that is widely used in web applications, software development, data science, and machine learning (ML)."
Python (programming language),https://en.wikipedia.org/wiki/Python_(programming_language),"Python is a high-level, general-purpose programming language. Its design philosophy emphasizes code readability with the use of significant indentation."
Welcome to Python.org,https://www.python.org/,Python is a programming language that lets you work quickly and integrate systems more effectively. Learn More
What is Python? Its Uses and Applications,https://www.geeksforgeeks.org/what-is-python/,"12 Sept 2024 — Python is an open-source programming language, having features like object-oriented, interpreted and high-level too. It is a dynamically typed ..."
